right_arm,left_arm,left_leg,right_leg,left_fore_arm,right_fore_arm,waist
105.05,78.78,90.42,86.1,109.43,124.04,99.08
106.73,71.65,113.67,107.43,106.48,122.78,124.115
112.45,49.77,108.89,107.34,92.43,119.81,116.47
110.8,52.67,102.17,105.9,98.53,122.72,117.69
108.73,46.86,97.56,111.36,95.77,122.33,119.555
108.95,65.17,63.97,81.19,106.05,121.66,85.33500000000001
109.66,55.94,83.58,92.86,97.06,123.29,102.135
108.67,53.29,69.64,83.23,102.62,124.2,88.405
111.02,84.86,102.1,98.73,113.11,124.83,121.195
115.73,87.99,97.73,94.71,114.12,131.21,119.325
117.05,101.78,95.49,87.75,128.26,133.61,114.01
115.2,96.34,96.11,86.55,123.48,131.05,112.73
110.69,89.08,127.05,117.29,117.66,127.87,143.625
109.81,53.39,89.15,102.5,99.4,125.06,112.78
111.72,63.35,69.21,88.75,105.46,125.8,95.475
108.51,57.35,130.78,129.4,100.96,124.81,147.95999999999998
115.02,95.69,112.1,99.58,123.29,130.89,123.915
118.67,57.01,75.31,91.29,101.07,128.15,96.5
113.59,84.38,125.65,122.76,114.83,129.78,142.35
114.78,54.85,99.17,99.85,98.8,127.54,115.8
111.39,69.66,111.61,104.71,107.76,127.55,126.965
110.78,92.7,110.3,107.38,120.21,128.55,126.48
112.84,101.66,124.82,124.85,126.65,128.72,141.43
114.44,103.18,119.75,120.37,126.07,130.14,137.615
109.01,65.5,108.44,108.91,103.31,125.8,127.25
110.84,71.61,122.43,120.05,108.09,128.18,143.095
108.16,65.87,112.7,122.82,103.81,125.87,136.49
109.36,74.03,115.48,118.08,105.62,127.44,137.105
106.31,65.52,109.1,116.04,105.06,125.7,133.265
108.69,96.62,116.79,113.53,125.14,129.7,137.63
107.14,83.6,132.08,127.02,119.54,129.08,154.125
107.53,73.14,128.3,133.16,106.66,126.09,151.015
105.87,84.07,127.6,120.9,119.39,124.41,142.985
104.7,69.57,70.25,78.03,113.16,125.76,96.875
109.76,87.41,106.67,109.59,121.68,124.72,126.775
111.39,84.22,89.69,104.76,117.69,125.61,116.25
111.38,72.3,92.9,100.3,106.79,126.18,112.755
104.55,69.8,62.19,105.22,112.82,123.73,109.585
109.81,71.11,68.71,90.2,109.23,123.65,98.115
107.27,65.76,72.85,93.98,107.66,123.51,102.925
105.54,71.46,74.5,91.82,116.97,122.87,103.465
112.25,86.74,118.24,112.57,122.28,130.04,138.29000000000002
107.54,93.49,144.45,140.4,128.26,128.57,168.76
106.11,76.14,115.34,106.91,118.03,123.46,135.94
114.15,85.29,136.71,132.07,122.1,130.97,157.59
103.22,76.48,149.5,149.9,124.96,123.52,166.365
101.84,69.95,147.93,143.88,123.86,117.11,161.46
103.42,67.09,148.89,151.27,125.2,121.65,161.73
101.19,53.73,144.4,141.13,119.19,113.15,160.88
89.35,41.61,159.48,141.57,112.54,101.28,152.36
92.92,48.63,151.02,140.3,117.75,108.63,155.98000000000002
87.46,41.99,160.88,150.19,111.96,110.42,156.985
85.88,32.89,156.6,140.44,108.37,105.89,154.47
92.02,38.3,145.77,132.18,113.23,108.19,154.11
92.64,34.97,143.85,130.59,104.56,106.41,154.33999999999995
92.45,32.65,148.12,129.85,103.58,107.17,153.93
83.72,29.01,158.6,132.65,104.73,106.46,150.77499999999998
84.69,29.69,156.42,150.73,93.53,103.39,152.655
82.36,31.09,158.0,146.15,100.7,103.17,153.615
85.03,29.72,151.77,144.1,94.56,101.24,156.0
91.19,39.5,154.05,137.34,98.09,106.9,158.735
90.08,27.42,150.64,144.36,92.46,111.8,161.21499999999995
102.14,41.15,154.47,150.53,98.52,117.19,165.72
103.02,55.81,144.31,135.59,104.59,116.76,163.58499999999998
103.77,69.4,138.71,130.56,109.95,118.38,156.12
103.37,42.23,122.45,120.22,87.99,121.59,141.985
109.2,72.38,82.39,112.91,94.4,121.42,112.91
105.04,36.24,110.93,120.88,89.07,120.16,134.415
106.55,48.39,126.17,133.65,110.73,119.37,149.015
101.51,54.34,128.14,131.08,95.02,121.47,148.52499999999998
98.21,44.13,130.81,135.91,103.44,121.86,155.55
95.13,45.88,105.59,107.2,108.73,121.73,130.525
91.92,41.53,97.9,110.64,134.54,122.9,132.025
83.66,43.43,98.3,105.94,142.06,120.7,133.51999999999998
95.32,51.04,97.08,101.0,129.42,123.5,126.32
94.85,49.56,122.85,121.3,116.07,121.54,148.79000000000002
81.81,40.49,86.5,97.26,130.65,120.76,129.63
88.62,52.21,94.29,96.37,112.28,121.13,124.205
83.18,45.19,108.37,111.24,118.91,120.44,141.135
82.88,42.05,99.57,103.95,119.86,120.48,135.865
78.82,34.47,100.01,110.18,120.31,119.43,141.14499999999998
88.4,36.05,96.21,104.79,133.19,123.16,131.92000000000002
89.64,41.63,108.06,120.13,112.84,123.31,141.885
91.92,35.99,125.33,132.01,107.64,122.66,155.285
98.72,51.94,127.89,132.57,96.45,123.82,150.845
97.79,43.99,125.21,134.29,97.74,125.74,151.03
93.87,39.84,125.42,127.97,97.54,124.82,147.925
97.37,38.6,118.4,123.18,92.19,126.4,141.07
96.08,33.39,115.51,116.85,89.18,126.28,135.45499999999998
91.42,24.29,114.26,116.48,86.1,124.44,140.14
93.76,31.58,82.5,85.28,91.31,129.79,109.135
89.0,28.52,103.02,99.83,89.47,128.41,127.205
101.41,29.5,86.02,82.06,84.36,134.39,107.88
84.84,23.96,129.88,111.0,74.85,128.66,146.13
99.43,35.35,99.85,92.76,83.85,131.81,110.715
86.27,18.69,119.24,103.1,74.91,120.25,126.76
103.62,58.63,119.33,102.92,105.77,133.67,134.275
95.32,41.36,140.61,119.54,79.52,131.8,155.82
93.21,51.36,108.04,96.29,94.43,127.83,125.33
93.93,62.49,88.13,80.8,114.36,134.88,114.195
98.95,62.18,107.18,94.68,113.13,127.92,128.73000000000002
96.74,51.94,92.69,81.7,105.73,128.96,113.1
92.86,48.92,85.72,83.37,109.19,126.32,114.625
86.31,43.71,97.56,89.65,103.18,128.05,128.04500000000002
89.4,49.54,92.54,88.31,107.14,124.79,115.69
85.79,41.68,108.13,97.94,102.47,118.8,128.495
87.17,38.6,93.23,92.0,101.11,123.26,120.505
80.95,39.56,101.6,94.99,99.94,124.87,130.805
86.61,62.13,127.32,110.62,119.24,123.52,152.95999999999998
103.53,59.29,120.02,103.57,101.89,134.84,127.45
93.79,66.18,125.84,106.47,117.52,127.44,141.63
91.72,58.89,132.25,117.11,112.77,128.5,155.05
99.66,74.22,140.51,124.87,117.83,129.96,156.0
105.73,89.02,137.14,128.18,126.22,131.78,154.95
114.26,91.65,142.37,138.56,121.31,132.04,154.34
115.44,56.31,140.37,135.17,95.3,130.67,148.6
108.87,60.78,131.13,125.25,100.39,132.75,143.36
102.79,60.59,126.31,100.34,109.54,137.47,129.045
98.37,74.17,115.75,99.18,115.82,141.67,127.005
79.65,56.64,116.48,98.09,105.6,129.58,126.165
64.19,52.13,115.02,98.41,104.42,121.24,129.75
62.33,55.41,139.65,127.43,103.65,119.54,135.195
47.6,44.36,118.94,101.71,111.37,122.67,117.485
26.98,15.75,130.97,110.02,125.56,134.97,136.44
29.08,16.01,104.7,135.45,131.09,141.63,128.35
26.94,15.18,95.08,92.73,135.71,145.09,99.965
32.38,17.61,95.93,86.13,128.26,141.85,95.97
39.27,22.32,134.96,120.09,124.19,135.86,133.04
49.33,28.04,146.38,129.16,121.76,143.23,143.955
49.56,29.74,144.65,134.59,117.34,147.24,145.275
47.64,28.27,142.9,134.99,126.16,139.76,142.4
54.62,33.96,142.08,128.9,126.7,144.68,137.245
46.97,22.05,152.13,135.81,120.81,139.05,146.16
56.08,35.58,134.58,115.9,120.51,144.58,128.585
50.21,29.14,144.34,125.71,125.4,141.66,137.995
58.69,37.85,135.13,113.91,126.71,141.16,126.42
47.08,24.83,148.67,132.91,126.19,140.02,142.49
52.41,32.28,144.22,128.91,122.91,142.75,137.13
55.96,34.21,130.67,112.6,122.25,145.06,122.78
61.53,35.86,124.58,107.03,122.63,149.34,116.365
61.21,40.88,97.14,81.07,124.03,151.33,89.49000000000001
58.34,42.41,123.98,105.16,124.72,147.3,115.625
54.02,41.19,121.64,104.91,124.1,148.86,113.595
57.22,39.72,129.66,111.98,122.22,149.95,122.585
53.9,37.56,124.31,102.1,121.69,146.4,116.05
56.1,36.25,106.09,84.44,122.56,154.11,98.325
48.78,30.24,143.99,132.27,116.12,146.57,141.945
45.75,33.64,137.51,121.47,120.67,139.15,133.34
56.05,37.2,148.07,138.31,115.05,138.25,144.39499999999998
45.45,26.88,149.47,140.51,115.54,134.12,147.685
45.48,24.27,152.14,142.97,114.99,133.39,150.3
43.19,22.94,151.5,143.87,112.85,134.6,150.66
48.76,28.46,148.55,139.74,115.32,143.59,144.705
50.4,26.84,150.6,143.66,113.44,142.33,147.775
51.2,28.09,152.95,144.47,116.5,139.94,153.04500000000002
49.87,29.29,153.0,146.52,117.06,143.48,153.515
53.14,39.99,137.5,123.46,122.95,140.48,134.725
53.41,42.84,138.17,124.48,123.39,139.67,135.51
50.58,31.6,136.93,123.37,116.75,143.91,133.01
48.4,30.2,135.47,120.85,118.89,143.41,131.78
49.78,31.81,138.74,127.43,118.74,143.6,135.98000000000002
47.43,27.34,142.74,130.81,117.5,141.2,139.955
49.47,34.59,140.29,132.43,122.12,142.47,138.405
49.14,33.28,145.69,136.51,119.97,141.0,143.95499999999998
47.41,31.47,141.25,127.96,123.81,137.69,138.125
49.68,31.45,139.13,123.99,118.52,137.93,135.305
53.59,38.18,139.46,127.84,124.48,142.96,136.39
56.7,42.66,147.1,135.42,122.67,140.57,144.33
52.99,36.81,142.73,134.5,123.36,140.68,141.41000000000005
47.46,28.03,144.63,139.69,116.84,143.85,144.23000000000002
47.79,29.62,148.97,138.54,116.26,141.41,145.20499999999998
45.38,29.86,151.58,141.65,117.86,138.68,147.185
45.31,27.88,150.35,140.28,113.1,141.45,146.135
47.65,33.19,146.92,135.65,124.06,137.02,142.785
47.94,31.42,145.59,131.98,118.65,143.22,139.66500000000002
44.6,33.85,140.87,124.25,126.11,137.09,134.56
43.3,31.3,141.79,127.36,127.53,137.04,136.15
46.29,31.19,144.61,133.59,121.75,136.24,141.48000000000002
44.83,30.73,139.55,124.22,122.68,140.43,133.475
44.55,30.31,146.04,133.03,122.68,138.38,140.61
43.52,31.0,143.78,131.18,122.91,138.22,139.55
42.24,36.41,129.28,114.44,132.72,135.44,124.82
47.98,34.79,132.01,117.63,121.56,137.84,128.465
44.83,32.99,125.48,112.64,125.14,141.52,121.255
48.29,37.5,120.92,102.87,126.19,136.29,115.305
46.33,35.08,113.51,98.24,129.32,138.65,108.245
40.08,27.62,134.04,119.0,129.29,141.07,127.245
46.99,32.04,126.8,111.86,127.91,138.0,121.37
47.3,30.82,124.48,108.91,129.63,137.16,120.05
40.99,26.91,134.49,117.08,127.49,139.85,129.44
52.24,36.77,123.23,103.88,121.46,139.97,115.2
51.26,36.54,116.36,97.76,122.54,140.02,110.005
46.12,32.94,120.91,107.34,129.43,143.3,114.81
44.31,33.7,125.43,109.14,126.57,139.42,118.915
46.01,33.52,113.04,95.81,128.23,137.87,107.11
37.57,26.32,107.61,100.23,140.39,141.43,108.74
41.07,24.74,134.85,120.19,125.55,141.49,129.235
43.93,25.3,132.55,117.53,123.75,144.31,127.025
46.4,31.2,128.28,110.98,126.34,145.19,121.52
45.04,29.14,122.28,104.74,122.43,141.77,116.83
44.54,31.84,122.86,106.58,124.21,140.99,117.115
49.71,36.77,114.34,97.69,126.29,141.58,107.235
51.27,41.79,108.49,87.99,125.21,139.48,101.485
48.01,35.9,121.48,101.8,127.28,139.08,115.235
50.0,36.7,120.41,102.36,123.92,140.92,113.325
37.38,27.27,126.52,115.83,135.73,136.69,125.27
35.93,24.95,115.95,107.3,139.07,142.68,115.515
35.14,22.91,126.83,116.63,136.98,141.18,126.01
37.46,26.19,122.38,112.59,136.78,140.52,122.26
39.72,26.24,130.1,114.8,131.08,141.96,125.875
40.97,31.12,109.26,92.94,130.53,141.1,104.525
42.46,31.55,112.35,91.46,127.14,138.9,106.17
48.63,30.61,136.99,125.43,121.6,144.41,132.3
47.38,28.28,130.23,117.51,122.99,145.85,126.02
46.74,33.63,135.42,121.8,124.08,145.26,129.625
46.31,33.18,129.89,118.19,122.98,144.68,123.275
44.28,32.64,131.39,120.12,123.18,142.64,127.1
43.67,29.43,128.94,117.09,125.82,143.17,125.19
49.2,33.14,124.35,109.11,121.43,142.92,119.245
52.66,37.78,115.6,99.6,123.63,143.85,109.6
59.25,39.19,104.56,88.32,121.02,147.87,98.865
42.27,27.62,131.09,119.83,132.58,145.73,126.645
42.73,37.09,115.02,99.61,128.16,138.06,113.36
43.05,33.6,117.3,99.11,129.16,139.38,112.57
42.45,34.04,122.62,101.52,129.62,139.54,116.38
42.63,34.62,125.91,105.38,133.26,137.91,119.955
43.04,35.29,112.62,92.04,130.09,140.35,107.605
45.59,29.96,126.94,112.91,125.71,149.54,119.02
45.62,28.16,134.58,121.08,120.59,147.78,129.025
47.95,33.26,121.9,106.05,122.76,145.89,117.145
52.38,35.36,111.31,97.05,122.36,144.5,106.13
53.37,35.77,121.59,106.86,120.03,144.22,115.57
43.74,32.36,125.59,108.36,130.72,141.23,118.76
44.59,29.1,130.82,115.48,127.81,141.97,124.415
46.92,31.54,128.2,113.09,122.56,147.28,120.885
47.01,30.75,125.44,110.43,123.46,148.67,117.89
46.94,33.79,121.15,107.47,123.05,146.57,114.905
44.88,31.8,131.93,115.3,125.29,141.66,123.135
45.7,31.83,114.78,99.5,126.85,144.25,108.01
40.61,28.21,124.5,112.03,130.08,138.38,119.575
42.91,29.98,134.72,121.27,129.04,139.73,129.38
49.78,32.37,134.9,118.74,128.0,146.46,127.63
48.75,33.41,120.11,102.21,127.53,146.49,113.485
45.89,31.57,135.11,120.86,124.15,146.05,130.865
49.4,36.48,123.96,105.34,120.81,146.66,116.98
49.69,34.94,123.39,104.63,121.92,146.75,117.145
55.89,41.87,83.0,64.87,125.32,145.84,77.255
48.89,34.98,104.88,85.77,124.56,146.89,98.155
34.46,20.36,127.87,116.11,125.21,135.88,128.72
32.46,21.13,143.4,129.35,128.52,129.83,140.53
33.22,19.4,140.3,126.2,130.58,131.32,138.975
37.71,24.72,137.88,119.97,129.83,129.83,134.64
45.71,26.27,99.33,88.88,128.6,122.44,97.995
56.16,42.21,140.57,112.07,113.01,114.01,132.83
34.68,28.56,153.53,142.08,105.84,98.54,158.96499999999995
43.7,31.69,129.19,100.52,99.78,95.96,129.51
45.92,24.34,130.13,111.03,99.16,104.86,143.45999999999998
62.67,45.56,109.16,86.73,98.85,107.1,109.005
76.84,53.15,145.14,124.75,96.56,108.63,145.425
75.54,51.59,148.27,133.37,95.76,106.28,155.76
67.48,50.37,144.52,123.85,96.29,101.83,145.71
72.78,60.32,148.72,114.22,99.65,107.38,143.5
66.29,62.39,153.55,134.79,95.51,115.46,146.71
71.02,55.24,140.54,131.66,95.54,116.59,140.445
77.87,78.41,108.44,76.61,102.7,119.6,96.025
74.72,73.23,103.42,77.01,100.38,117.28,97.32
74.57,67.35,104.69,87.92,99.03,121.3,100.91
54.33,46.45,111.68,102.88,95.0,114.31,113.43
69.34,58.08,78.25,81.9,94.89,115.49,72.39
72.83,67.55,69.05,68.89,101.57,116.5,58.435
71.5,65.61,76.18,71.43,105.54,117.51,66.235
77.32,64.35,91.55,72.69,97.14,109.44,75.695
71.99,57.89,85.71,80.8,94.92,111.28,75.81
87.16,79.83,69.88,55.82,107.14,113.61,59.22
78.88,63.09,88.72,78.04,101.69,117.7,79.82
81.06,63.69,93.6,79.02,99.56,115.06,78.945
75.08,61.02,88.19,76.14,97.56,107.36,85.49000000000001
73.93,54.62,82.97,77.55,96.21,113.49,77.13499999999999
69.54,48.26,97.45,84.08,94.28,105.03,93.485
70.31,46.99,104.81,85.82,92.01,105.34,100.35
68.93,51.25,85.34,72.79,93.33,110.69,82.375
81.96,53.55,107.43,86.9,95.13,119.35,79.33500000000001
87.01,56.24,91.63,74.96,94.56,118.6,74.055
71.32,52.19,131.54,108.34,89.94,109.57,85.72
72.75,54.52,110.56,88.09,94.03,106.06,100.68
90.87,71.93,95.95,79.55,102.47,118.04,76.68
75.64,68.62,78.93,75.32,90.6,111.27,56.235
69.8,64.53,72.54,65.88,90.32,108.65,64.34
74.99,69.47,83.75,78.66,102.02,114.06,54.325
76.36,74.0,67.09,60.46,101.08,111.86,57.15
78.47,78.82,76.45,65.32,107.6,112.7,62.545
63.6,62.16,113.4,100.59,101.66,109.97,71.435
78.05,72.92,105.92,92.67,108.56,114.52,66.785
80.68,77.48,98.43,85.49,112.75,113.85,73.85499999999999
75.64,64.94,102.29,88.28,104.96,110.41,85.91
72.46,61.06,128.06,117.8,105.84,111.89,76.21000000000001
82.28,59.7,97.91,89.51,104.26,116.91,80.815
80.52,55.86,103.34,95.56,101.5,115.22,90.25
77.13,52.57,105.3,95.66,100.26,113.47,86.745
76.89,63.11,83.51,79.6,107.69,110.95,68.86000000000001
77.61,64.39,83.99,80.52,107.9,111.16,68.745
83.26,67.64,81.17,75.04,101.21,111.18,63.93
71.73,54.07,98.49,95.45,102.46,110.85,82.505
69.71,47.43,96.57,92.59,97.59,106.82,80.56
65.96,48.95,103.76,96.24,99.02,103.45,69.825
67.92,51.2,80.32,67.34,101.88,102.28,59.92
69.53,49.19,89.49,76.57,101.84,109.82,69.095
68.14,50.45,90.02,78.11,102.07,104.84,60.25
78.03,57.24,92.26,78.84,104.08,108.34,64.935
74.96,61.45,90.58,68.31,106.17,108.35,71.045
74.3,54.35,95.02,82.29,103.48,103.7,61.89
77.71,55.97,91.83,81.38,102.9,106.26,56.465
84.49,58.24,89.95,78.33,103.01,111.58,56.185
80.46,56.3,88.93,78.15,103.54,109.43,57.965
76.01,53.83,84.45,79.95,101.45,109.18,60.145
74.74,63.87,79.26,62.76,112.04,110.62,64.845
73.46,58.35,74.61,67.1,105.1,107.76,59.58
77.78,61.67,78.7,68.04,106.64,112.71,58.685
74.63,60.85,75.2,67.81,101.48,106.37,60.405
72.99,57.71,81.38,71.32,99.75,109.79,62.995
62.67,51.81,92.09,75.62,98.55,100.82,72.34
67.11,55.54,80.02,69.16,97.53,101.77,69.42
66.61,52.47,88.94,80.37,96.61,104.7,66.91
68.59,53.62,98.62,83.02,99.07,109.2,69.03999999999999
62.68,54.61,96.19,89.07,95.66,102.25,69.8
61.66,57.32,93.7,85.32,97.66,102.46,67.62
65.61,61.24,92.86,74.67,100.64,105.42,69.48
68.19,60.84,87.21,66.16,101.81,104.73,68.44
65.28,51.52,98.4,76.25,98.02,105.58,73.79499999999999
63.89,54.7,86.27,73.58,99.54,100.49,69.53
62.01,52.04,87.98,81.3,99.17,102.0,71.69
69.75,62.24,89.28,79.4,106.39,108.16,64.33500000000001
58.91,49.95,94.31,79.49,99.8,104.2,72.19
63.82,54.71,86.42,79.23,99.84,104.7,70.69
70.37,62.38,96.62,81.21,109.28,110.87,68.78
68.63,60.45,91.91,81.33,107.48,111.32,65.645
68.32,58.57,103.54,86.12,107.29,111.49,74.66999999999999
77.81,71.24,87.84,71.87,107.67,115.33,62.11
67.75,60.17,105.24,83.86,108.14,110.87,76.16
69.48,58.56,102.23,84.4,101.74,112.34,78.21000000000001
66.28,50.15,105.08,90.16,97.51,108.11,79.185
62.64,49.87,102.99,91.83,98.76,109.52,77.955
66.86,53.8,97.28,88.36,98.62,108.09,75.435
70.99,57.22,98.61,83.37,101.12,108.8,75.095
67.38,53.61,97.27,90.86,96.0,110.64,78.795
68.34,57.57,93.66,84.86,99.75,111.27,75.85
72.26,59.64,99.72,87.17,101.39,114.89,75.31
74.93,62.06,107.28,99.72,101.87,116.79,74.47999999999999
64.75,55.51,101.47,90.36,101.05,110.31,74.97
64.51,57.32,100.69,86.86,99.59,110.66,79.125
69.17,55.84,102.92,83.29,103.88,113.93,71.34
69.16,53.02,109.49,93.58,100.73,115.26,72.975
68.59,54.73,106.05,87.68,102.19,113.91,71.86
62.66,55.85,102.2,89.45,104.95,115.56,76.025
68.34,57.15,110.6,99.73,106.59,119.65,76.265
68.54,56.59,110.42,98.55,105.82,119.02,75.16499999999999
70.93,61.03,106.2,94.58,101.28,117.69,74.965
69.09,60.92,104.01,91.59,106.86,122.14,73.575
71.31,63.41,100.33,92.1,109.03,120.54,71.91
74.77,66.21,108.17,92.51,104.96,120.2,71.12
77.13,61.3,113.84,101.37,103.99,118.39,67.805
85.29,71.09,107.7,96.56,107.48,122.87,63.065000000000005
77.56,63.1,101.51,94.37,104.65,121.98,65.055
73.59,60.7,106.73,101.81,104.98,122.29,68.55000000000001
76.43,65.46,104.42,100.24,108.2,122.11,65.715
77.65,66.31,97.17,86.54,108.18,121.81,63.78
80.42,68.25,95.25,85.66,109.96,124.08,61.04
80.15,66.69,95.71,88.07,109.82,123.79,60.84
79.33,68.22,94.62,88.5,109.39,119.52,56.705
86.87,77.31,89.8,82.85,114.31,123.63,54.68
78.95,65.85,109.48,102.37,107.75,123.96,66.48
79.1,63.82,110.19,110.1,103.74,122.74,68.025
78.24,62.07,106.7,95.54,104.29,123.26,68.645
86.16,69.62,112.24,101.45,106.46,124.72,69.08500000000001
75.68,60.76,103.54,96.45,102.3,119.66,67.53
72.91,59.11,108.26,98.67,101.98,117.84,67.265
79.9,64.15,109.88,97.7,102.14,121.81,75.375
78.46,64.13,110.1,102.29,102.53,119.73,74.13
79.86,64.92,121.02,110.72,103.05,122.96,77.39
75.41,61.01,111.8,103.39,101.91,116.74,74.82
81.45,71.52,126.95,114.61,108.04,123.37,76.9
72.63,58.96,111.8,102.22,97.67,116.58,73.1
83.6,72.54,100.54,91.03,111.78,121.78,63.455
76.41,67.56,99.83,87.24,104.91,117.71,66.68
68.96,54.58,108.18,93.95,97.89,112.23,77.155
74.13,63.93,120.25,110.23,98.85,121.58,74.44
75.83,64.58,117.25,110.49,101.45,120.29,74.45
76.92,66.95,118.42,108.14,103.27,121.29,69.99000000000001
72.25,62.05,115.91,107.72,99.16,119.36,74.835
76.25,71.96,115.85,106.78,108.55,122.5,70.63499999999999
76.53,70.0,125.19,116.38,108.08,118.35,67.59
76.32,68.8,117.27,106.2,102.61,116.69,68.74000000000001
78.21,68.73,121.29,110.78,102.53,116.97,67.22
78.98,66.14,128.31,114.77,102.92,119.8,75.485
78.34,67.2,126.48,115.77,102.55,116.96,74.89
76.98,64.25,131.5,121.56,100.34,115.61,81.635
71.13,58.5,120.62,111.14,95.73,112.24,76.25999999999999
75.29,61.25,104.56,97.29,100.47,113.67,74.78999999999999
71.52,50.07,87.33,82.12,99.61,116.97,68.055
63.55,49.72,106.39,101.53,94.35,118.58,80.72
56.54,49.83,92.22,93.97,101.65,120.36,84.44
69.57,57.1,113.28,92.98,101.2,119.14,97.585
59.59,42.65,99.52,94.43,96.5,128.64,87.74000000000001
77.35,69.93,86.89,76.11,103.47,128.76,71.86
51.56,43.85,110.32,99.13,93.12,120.07,95.0
51.93,48.24,87.59,81.52,96.09,124.12,73.025
65.87,60.44,91.76,89.62,92.27,120.91,73.15
80.82,71.47,91.87,77.13,98.11,123.53,74.33500000000001
55.91,52.53,95.36,93.55,98.97,119.33,82.495
50.54,49.5,105.78,103.62,99.25,113.67,92.0
52.3,44.72,93.19,97.77,92.96,116.16,80.94
66.6,58.98,88.85,80.35,98.39,112.68,79.27000000000001
91.34,83.95,72.16,67.35,107.59,125.68,65.225
88.49,85.12,77.38,57.95,108.8,121.88,68.125
74.11,68.56,95.02,78.83,105.77,121.7,87.50999999999999
79.09,71.82,72.37,66.21,106.96,124.92,72.68
74.98,68.12,73.26,68.22,100.85,121.25,63.175
74.93,70.02,81.39,75.54,105.45,117.55,82.285
89.61,82.63,107.03,86.9,104.31,125.52,103.135
87.84,87.7,95.96,79.54,114.32,128.88,92.54
90.97,89.39,69.04,63.31,115.21,127.14,66.155
93.35,89.48,71.7,63.72,115.05,124.33,67.785
86.12,81.06,78.98,70.03,113.32,128.01,70.16499999999999
92.36,87.95,91.15,81.36,116.59,129.87,57.735
88.03,84.38,79.05,73.78,116.13,129.99,63.97
96.77,87.93,74.65,67.04,116.01,133.91,54.87
88.76,88.71,83.83,74.86,117.08,133.85,63.1
87.93,85.16,90.74,79.69,113.79,131.07,67.945
95.22,92.83,74.31,65.3,117.95,133.67,51.845
98.68,98.12,72.73,63.96,121.51,130.06,64.61
96.92,100.95,68.16,58.79,125.59,128.84,52.33
108.05,111.34,65.91,55.46,129.55,129.22,44.58
99.22,87.7,90.96,79.44,110.37,121.21,57.01
92.9,76.66,81.38,70.43,105.72,114.86,70.25999999999999
80.2,73.64,101.18,89.38,112.27,111.16,71.685
59.35,55.85,110.68,104.72,95.67,99.83,60.23
56.48,48.97,100.76,90.64,93.03,98.81,64.86500000000001
55.12,52.08,99.63,85.31,93.56,99.38,94.48
47.86,43.48,101.04,85.26,92.23,97.29,96.08
53.46,50.4,95.7,83.18,94.69,100.27,85.64
52.14,42.19,126.42,108.65,88.9,104.12,120.42
57.69,59.79,89.35,75.41,95.21,103.05,87.355
57.45,69.05,138.87,123.56,95.19,102.75,138.325
42.58,46.57,152.92,135.79,91.64,109.71,153.95
46.87,48.28,153.97,140.99,92.39,109.55,155.67000000000002
46.4,62.31,148.27,139.92,93.98,108.54,153.26
48.2,49.3,152.93,141.29,96.02,119.56,153.21
52.6,67.28,153.23,143.51,102.63,118.97,155.805
68.04,62.83,103.12,80.63,106.11,123.32,95.795
53.12,33.23,157.02,144.48,108.99,129.77,155.65
51.31,41.51,156.72,144.73,108.8,129.71,156.255
51.53,40.75,155.66,143.51,111.61,128.12,154.89499999999998
61.1,47.25,122.0,107.86,124.57,136.3,121.56
61.24,56.74,128.85,111.57,137.01,142.66,124.84
59.95,51.44,98.21,83.61,137.85,141.85,95.4
48.66,45.28,92.96,75.88,144.29,141.84,91.09
61.53,50.19,98.32,75.27,138.36,150.08,91.19
65.92,53.7,123.08,106.5,131.05,145.36,116.695
59.49,47.48,122.1,107.05,131.48,147.17,114.925
53.1,47.47,150.26,145.16,127.38,141.32,149.875
53.52,36.68,141.35,130.61,122.98,140.21,139.065
56.83,36.45,145.75,135.15,117.91,140.84,144.08499999999998
52.04,37.93,143.97,130.68,121.89,136.74,138.88
54.43,38.57,144.53,131.59,126.09,143.37,140.775
36.35,15.34,144.83,131.5,140.53,142.39,141.025
43.63,22.96,151.79,143.6,125.54,137.87,149.45999999999998
46.49,22.86,147.55,135.29,122.58,133.44,143.38
54.26,39.42,140.03,125.11,121.42,140.71,135.76999999999998
41.64,23.99,151.0,138.41,129.99,134.29,145.57
47.78,29.68,144.5,132.5,128.6,137.19,138.79500000000002
50.24,34.96,146.87,130.46,127.18,138.18,140.41500000000002
48.37,31.38,151.15,137.18,124.99,137.5,145.02499999999998
53.25,39.03,149.91,139.69,126.7,138.17,146.54
53.22,37.34,143.84,131.62,128.26,135.26,140.085
53.08,44.52,130.99,115.27,133.31,140.55,124.24
54.91,45.44,138.35,124.73,132.42,141.29,132.47
53.0,42.01,135.24,120.26,135.32,138.98,127.78
54.67,42.21,137.51,122.23,131.97,137.79,130.83
47.74,36.2,132.97,114.22,131.72,138.72,125.87
51.92,40.83,140.73,130.46,129.34,138.96,138.0
51.0,42.52,134.42,124.04,129.94,140.21,131.86
52.3,38.34,151.46,139.57,127.93,139.38,147.41500000000002
46.49,32.39,143.97,134.14,131.52,138.27,140.27999999999997
45.04,38.43,139.53,130.41,126.39,136.19,138.805
50.6,39.06,134.52,120.85,126.37,134.35,130.19
49.23,38.82,134.78,124.19,130.71,131.42,131.215
39.42,28.15,146.19,135.69,133.32,128.16,144.33499999999998
45.56,34.95,147.46,137.23,128.22,130.18,145.03500000000005
46.8,38.36,140.52,125.97,128.45,131.12,135.97
51.84,41.86,131.76,119.46,130.88,135.05,127.4
41.76,29.98,138.23,129.73,137.23,132.49,138.505
46.12,34.06,148.0,138.89,126.11,132.33,147.82
46.99,27.32,151.05,138.27,119.62,128.7,151.475
54.21,42.89,149.3,141.31,122.68,135.29,146.965
55.47,47.55,145.57,137.82,123.37,132.15,142.95
57.6,52.38,143.09,134.36,127.09,134.89,141.33999999999995
54.14,42.61,146.41,138.38,128.4,137.4,144.645
52.67,46.01,145.47,136.9,124.91,136.46,142.47
52.97,49.16,144.97,135.8,127.3,135.42,142.58999999999995
57.27,39.37,154.39,150.53,113.33,141.4,153.88
52.45,35.67,154.57,150.43,114.6,138.02,153.885
51.83,37.1,142.81,134.91,119.16,141.06,139.695
48.92,31.35,151.88,144.89,111.94,139.77,150.37
51.66,38.59,150.16,141.49,115.26,138.79,147.5
56.17,45.78,150.5,136.81,124.24,137.09,145.325
63.15,45.55,153.61,143.7,116.91,138.27,150.47
59.36,45.11,154.38,148.14,121.21,132.86,152.12
61.16,48.39,150.11,141.9,120.41,132.87,147.425
63.28,48.66,149.5,140.27,116.82,138.85,146.76
63.36,51.31,150.02,140.65,121.21,141.47,147.07
55.93,42.31,150.43,141.9,118.74,136.02,147.16500000000002
57.83,43.1,148.82,139.47,120.46,137.59,146.535
54.17,41.02,147.53,136.38,122.28,140.02,144.155
60.7,48.34,152.0,144.88,122.07,138.63,149.375
56.0,41.53,143.93,134.54,124.87,132.6,141.23000000000002
53.43,37.97,153.66,148.78,121.5,135.36,152.505
51.86,37.24,154.95,149.53,120.95,136.73,154.38
57.02,41.26,155.11,148.72,121.68,134.34,153.25
59.21,47.95,146.94,140.24,125.55,134.9,146.16
49.56,29.91,154.51,145.45,120.69,129.46,152.725
42.89,24.73,148.83,139.91,124.62,134.96,147.345
50.33,36.13,147.82,140.83,121.68,144.48,144.62
51.58,37.12,150.85,143.74,122.72,143.07,148.71
49.9,35.34,143.93,136.68,122.21,145.1,140.805
52.52,36.22,139.84,133.72,124.08,148.55,136.87
49.08,35.4,143.81,136.39,123.01,144.22,141.36
49.98,34.85,140.54,133.87,123.93,142.42,138.69
56.99,44.72,135.12,130.02,125.2,147.77,134.04500000000002
55.58,42.67,138.64,131.58,122.33,144.0,135.585
55.48,44.1,128.19,121.78,126.83,148.18,124.105
52.99,42.32,130.24,124.81,126.92,149.78,127.195
58.41,46.66,141.67,134.94,123.52,145.93,138.10000000000002
52.71,41.84,130.31,122.16,127.08,147.16,125.925
47.25,33.1,143.08,138.69,127.0,141.4,140.545
48.91,35.99,144.13,138.87,127.37,144.57,140.7
47.89,33.87,139.85,133.02,123.47,140.87,136.59
48.69,35.02,139.43,132.01,124.66,140.76,135.59
54.28,44.98,145.88,138.73,124.05,144.6,142.84500000000003
52.76,40.32,146.93,139.93,120.35,144.9,144.185
49.56,40.22,146.46,141.57,124.62,144.31,144.285
52.46,37.73,148.15,142.5,122.95,146.71,146.03
49.77,35.45,143.65,137.24,118.05,147.74,142.61
47.23,34.27,144.9,138.45,120.65,141.7,141.15
46.59,33.78,134.83,130.84,127.3,148.39,131.615
50.04,35.71,142.45,136.51,120.96,141.39,139.29500000000002
48.06,31.2,152.52,147.77,119.59,148.7,155.64
45.4,28.37,151.27,147.41,121.5,146.58,153.66000000000005
46.03,33.2,148.47,144.91,129.98,147.6,149.56
37.3,25.11,138.61,127.71,75.4,83.43,134.69
47.12,26.89,139.97,128.63,73.75,90.3,133.315
47.68,22.91,141.64,128.89,72.11,90.09,135.67000000000002
59.73,26.5,140.97,129.18,72.96,100.28,135.175
58.51,26.95,140.8,128.35,74.02,99.6,136.31
60.95,27.92,135.46,123.81,73.58,100.12,131.03
57.07,27.61,139.73,128.14,72.34,96.63,133.85
40.38,17.28,141.35,126.7,71.0,87.09,131.8
36.22,17.28,144.44,131.78,71.12,85.59,136.64999999999998
35.19,18.8,143.93,131.7,73.29,85.9,134.875
33.78,15.21,153.77,132.96,72.73,84.66,142.36
36.66,14.83,150.76,129.46,70.12,84.93,139.05
35.94,15.66,151.77,130.58,69.29,84.24,139.76999999999998
33.63,14.1,152.75,129.7,71.08,84.66,139.11
35.08,14.28,156.03,130.43,70.11,85.82,139.33499999999998
31.77,14.94,156.16,135.13,73.07,83.09,143.535
31.42,15.43,150.51,131.42,76.24,88.06,138.10000000000002
36.58,15.69,143.82,129.08,73.44,90.2,132.385
46.64,14.94,142.57,131.7,70.65,93.7,134.435
37.59,14.28,141.26,126.41,72.49,90.51,130.385
37.63,20.93,143.36,139.99,72.95,94.95,138.90499999999997
47.9,29.71,136.46,126.51,79.16,95.53,132.53
47.72,27.76,139.53,131.29,77.85,97.93,135.975
59.04,28.95,143.34,136.6,76.82,104.86,139.945
64.73,29.19,142.17,136.32,75.77,107.3,138.825
66.41,25.03,143.93,140.81,74.03,108.82,139.445
47.41,25.51,140.24,137.69,75.97,95.94,138.435
49.17,25.22,136.54,131.65,73.83,95.47,134.29500000000002
39.42,18.8,142.04,131.75,74.91,90.69,134.60500000000002
32.51,18.48,141.83,132.24,75.05,86.77,135.52
54.57,28.32,128.69,121.67,73.73,102.0,121.185
52.61,27.92,135.65,129.22,74.35,98.16,128.195
51.78,29.13,140.87,136.18,78.62,101.3,133.92000000000002
58.01,29.74,140.42,136.73,77.64,105.17,134.38
52.34,30.79,128.21,126.42,78.23,99.63,122.505
51.93,29.53,136.82,133.02,78.04,99.68,131.755
57.3,28.58,135.42,133.34,75.25,100.75,132.07999999999998
53.1,30.46,140.76,137.29,79.64,100.95,138.64
46.09,26.6,133.28,131.18,76.19,95.9,129.04
48.85,29.83,143.31,136.81,80.39,99.14,136.535
51.88,24.2,106.97,112.31,74.57,97.23,111.075
60.13,27.0,118.24,116.71,75.39,102.29,118.375
52.63,20.89,134.34,126.86,71.88,99.11,131.235
38.52,17.31,128.99,128.53,70.58,87.59,129.22500000000002
33.8,19.79,132.09,122.36,72.31,85.69,131.81
28.98,18.89,130.73,123.84,72.58,83.1,129.66500000000002
38.54,18.18,128.57,123.49,71.49,85.96,131.16
32.39,18.63,108.41,111.45,70.06,81.21,117.06
40.19,15.59,123.75,119.81,67.75,85.57,121.9
36.93,15.34,114.05,112.03,68.86,84.42,119.705
35.93,16.75,115.21,115.19,70.05,83.26,120.37
35.42,22.5,123.85,117.95,72.09,81.22,120.555
39.66,21.04,124.1,116.05,71.28,84.18,117.97
29.5,23.29,130.41,125.47,74.59,81.88,124.615
27.64,27.65,133.6,124.48,79.46,85.88,126.43
26.41,24.11,131.56,123.37,76.33,82.6,125.855
25.85,23.82,129.84,123.26,75.53,81.23,125.63
25.26,17.05,132.41,127.9,73.94,82.09,132.005
24.99,17.87,130.78,121.97,74.26,81.61,127.21
26.71,17.86,133.33,124.42,72.22,79.29,129.325
34.67,21.82,138.42,134.17,73.57,87.99,131.385
29.49,20.31,140.62,140.39,75.06,88.79,134.16
36.3,28.15,136.11,128.61,79.26,87.92,132.63
36.93,25.61,137.34,134.32,76.1,85.89,134.41000000000005
35.73,23.73,135.4,133.05,74.71,87.3,133.575
37.32,22.53,143.36,145.62,79.21,94.6,140.43
38.71,21.58,143.87,142.4,81.2,95.28,141.265
23.13,18.35,138.61,127.4,75.13,81.0,134.345
23.13,18.09,136.81,127.42,76.25,84.51,135.825
21.68,18.4,138.0,129.13,75.34,82.86,136.355
24.65,17.67,130.99,126.34,69.89,77.63,131.085
43.64,21.73,131.3,126.11,76.48,90.54,132.025
39.58,24.54,140.81,132.43,76.66,89.81,134.89
42.39,22.57,143.95,124.54,77.68,92.86,133.34
18.14,7.0,130.55,119.01,68.75,80.0,114.425
13.71,10.61,136.59,120.47,57.48,75.27,114.19
19.69,9.05,65.11,111.62,75.01,86.79,68.12
14.07,15.18,59.65,108.57,67.39,87.52,70.8
22.91,28.38,73.94,111.28,99.71,106.7,76.405
23.97,17.9,76.41,108.97,76.39,113.85,86.18
38.64,10.56,63.86,100.79,62.06,102.6,72.215
47.05,14.99,90.5,100.24,75.49,106.05,116.305
74.6,13.82,73.9,77.52,65.47,117.88,65.885
45.49,9.55,68.22,82.0,52.74,82.3,65.94
44.46,19.62,75.14,92.11,97.97,104.06,94.855
73.03,61.02,69.28,76.41,123.19,120.21,79.155
80.66,58.5,71.73,77.27,122.18,133.01,92.055
93.25,60.08,73.65,73.42,115.42,137.87,83.94
79.09,73.28,97.43,91.34,140.07,138.28,124.29500000000002
69.05,72.45,66.64,84.83,150.15,142.71,96.87
54.63,58.62,101.99,91.25,137.81,130.84,131.425
61.89,68.91,97.7,88.6,141.96,139.91,121.26
54.45,63.6,76.96,91.78,146.92,141.57,114.635
50.7,59.1,89.23,91.78,147.04,139.38,125.215
66.91,71.52,135.73,123.38,137.12,134.78,160.78
80.76,86.52,84.92,82.88,146.87,138.86,110.71
97.92,84.44,92.24,81.43,134.37,144.86,107.785
108.02,103.61,138.21,117.37,144.98,149.17,148.325
93.54,83.17,142.95,122.83,133.55,142.85,155.98000000000002
97.23,89.36,141.91,113.23,137.16,144.69,147.26
68.09,36.04,104.32,78.84,94.55,114.82,103.495
73.54,56.73,106.26,84.01,111.35,117.98,103.61
71.86,44.18,122.96,99.8,100.07,115.98,118.69
67.98,31.55,127.53,109.75,96.44,115.32,124.88
71.67,34.26,131.77,113.44,90.91,117.18,132.565
75.15,52.91,147.34,127.5,104.27,114.01,142.51999999999998
73.38,50.33,137.51,114.53,102.67,113.8,130.26999999999998
62.28,34.61,140.64,113.77,96.01,108.27,132.825
63.67,33.21,130.65,104.94,96.27,110.71,125.295
68.24,47.74,127.44,105.1,104.38,112.61,123.91
71.76,50.27,109.86,90.22,105.45,116.54,108.55
58.75,29.3,101.63,84.69,93.04,108.06,98.945
66.67,39.27,105.41,87.05,101.91,114.97,103.08
65.07,41.85,124.94,104.14,98.03,111.33,123.575
76.36,56.02,129.84,108.45,100.63,114.52,121.995
72.95,57.74,147.44,120.97,108.04,113.66,137.68
79.94,76.09,126.29,90.69,124.11,116.73,112.125
87.11,61.4,125.83,101.87,107.13,118.32,117.68
87.61,48.73,149.85,133.13,98.75,113.95,143.235
83.73,33.05,130.95,103.94,90.28,116.46,127.63
76.55,31.83,100.96,72.78,94.67,114.29,98.045
79.5,33.77,97.2,71.58,90.37,114.21,89.94
76.39,58.31,100.95,79.09,110.04,113.55,93.82
81.56,53.04,90.78,68.29,103.41,116.45,85.495
86.83,47.37,120.75,101.07,89.46,110.85,113.97
80.68,45.03,122.5,101.3,85.18,106.27,116.635
70.11,47.77,144.05,130.01,86.34,97.74,141.32
85.58,65.67,99.25,76.81,104.7,113.42,96.535
80.02,52.38,159.96,150.92,87.95,107.7,161.505
85.26,73.84,156.25,140.37,111.21,117.2,155.07999999999998
64.67,41.88,159.65,153.92,94.01,108.19,167.725
59.88,49.65,156.81,142.58,103.16,112.83,157.16500000000002
49.76,30.25,155.14,144.8,108.31,116.25,158.79000000000002
54.75,38.77,153.74,141.98,110.09,120.06,154.315
45.57,36.05,148.02,133.66,118.58,125.27,144.215
38.47,27.75,144.02,129.62,122.03,126.08,142.47500000000002
46.61,34.66,132.84,124.4,130.58,129.3,124.99
41.13,29.85,121.57,110.02,132.36,128.42,116.535
51.41,42.54,127.78,119.15,133.27,131.73,122.38
54.32,41.5,113.07,99.94,137.09,134.75,107.955
66.4,53.29,98.76,83.93,124.27,141.76,92.44
61.75,46.62,111.31,89.9,130.66,141.58,102.84
55.63,37.61,136.03,118.71,125.3,136.83,129.34
57.27,38.58,146.46,135.99,121.32,140.61,145.95
59.09,43.68,137.33,118.33,122.02,141.2,132.69
51.87,34.87,137.06,126.29,121.08,143.1,135.595
51.61,31.24,154.23,149.23,113.29,135.9,156.39
52.84,31.71,152.49,148.59,116.9,136.96,153.625
43.33,22.96,149.02,146.57,126.64,137.61,147.87
52.11,33.57,151.72,147.01,117.83,139.58,152.105
54.94,35.17,149.85,147.32,120.42,138.52,150.35500000000002
51.68,31.86,153.48,147.92,125.74,139.42,153.195
50.75,23.8,153.09,143.82,119.76,134.1,150.32
54.44,33.35,140.9,127.87,125.99,141.78,137.755
54.38,33.2,145.9,132.56,125.51,140.32,142.44
52.68,30.86,146.13,135.53,126.05,142.62,144.245
55.03,31.33,143.37,131.75,122.37,145.74,140.555
53.76,30.37,146.19,132.81,121.14,141.84,142.535
46.17,22.18,147.41,138.36,126.14,140.74,146.19
51.08,26.56,148.45,141.28,124.91,143.12,146.73
53.06,31.76,143.74,134.59,122.37,142.06,141.965
49.38,24.59,140.24,127.94,122.66,142.28,135.89
45.28,27.89,148.99,144.32,118.13,139.78,148.065
44.21,25.07,149.14,144.4,121.72,142.16,149.03
48.14,28.79,149.93,142.79,115.35,143.99,148.76
56.78,33.7,149.52,143.38,118.58,144.75,149.85
50.38,31.09,147.53,137.12,119.16,143.33,144.92
52.55,32.35,149.22,139.97,118.03,144.83,147.18
49.77,31.29,151.98,144.09,117.79,142.18,150.35
41.15,21.63,148.73,138.49,118.39,143.2,144.85500000000002
58.12,38.91,141.77,128.99,123.11,145.53,137.945
51.84,34.03,143.81,132.99,121.18,143.73,141.375
46.92,28.72,138.5,121.84,123.42,143.14,132.185
52.54,37.49,136.31,121.9,123.86,146.66,131.265
57.64,46.93,137.9,122.63,127.07,147.14,133.91
55.58,39.58,127.8,109.78,124.27,146.09,121.695
61.66,44.63,130.17,112.36,123.76,147.63,124.34
55.53,37.37,138.86,126.39,121.11,145.84,134.63
59.88,42.68,131.46,119.44,123.75,148.34,129.155
57.93,38.87,139.55,128.64,121.92,147.48,136.99
57.0,39.66,132.1,114.38,120.88,146.74,128.02
54.98,37.47,115.19,96.57,118.87,149.94,109.125
58.84,40.68,126.32,111.47,120.45,152.02,120.24
57.13,40.41,131.69,119.17,121.05,148.66,127.57
58.95,39.96,114.1,100.0,120.79,151.13,108.42
61.33,41.91,108.92,92.19,120.27,150.3,101.93
59.04,40.99,135.42,125.52,121.27,150.05,131.64499999999998
59.08,38.86,128.93,115.1,116.71,149.76,123.885
58.72,42.65,114.7,96.81,122.26,146.23,109.105
59.08,42.67,107.94,89.44,122.02,146.23,102.34
57.47,42.24,138.69,129.91,127.48,146.5,138.95999999999998
48.38,34.53,141.71,131.9,124.88,146.34,139.25
57.85,47.09,123.36,99.27,126.13,141.49,115.375
63.4,51.88,139.74,125.51,124.7,142.0,135.48000000000002
63.48,50.35,142.81,128.39,123.01,140.43,138.21
63.41,48.09,145.6,140.44,120.34,142.32,145.1
64.92,47.64,135.69,123.71,119.57,143.58,131.37
63.68,45.29,138.34,128.17,117.3,143.58,135.665
64.04,48.61,142.9,134.77,120.58,143.93,140.73000000000002
64.57,47.99,139.72,128.21,120.02,139.88,136.605
60.39,45.16,137.19,125.71,124.49,143.08,135.405
59.34,48.72,131.55,115.4,123.0,140.97,127.975
55.78,39.18,150.15,141.96,116.9,138.27,150.57999999999998
50.37,32.09,150.65,143.58,116.97,145.21,151.0
50.07,27.66,149.88,143.82,120.19,143.72,149.66000000000005
54.09,41.09,146.65,141.34,119.51,142.38,148.69
63.34,45.3,141.34,127.81,118.09,146.01,139.015
61.46,43.18,142.1,131.12,117.53,146.22,139.5
60.19,44.01,147.73,141.71,114.82,142.63,147.715
62.05,43.32,147.66,141.29,113.83,145.59,147.43
61.88,45.45,143.63,135.57,115.64,145.11,143.43
51.1,35.43,149.47,143.38,120.6,144.4,149.475
57.22,41.56,141.52,132.98,120.76,145.0,139.95999999999998
51.44,40.88,147.31,137.78,122.49,145.69,146.845
53.64,37.1,149.35,141.5,120.68,147.92,146.59
51.43,33.91,147.16,140.19,119.89,147.74,146.04500000000002
48.06,32.52,143.33,132.83,120.51,141.98,141.28
46.22,30.2,147.17,141.16,120.43,141.94,147.54500000000002
45.59,28.04,139.06,130.06,122.67,144.47,138.38
52.51,35.44,140.44,135.8,119.78,148.54,144.22
48.73,33.75,146.41,142.8,121.19,148.15,147.535
51.05,33.74,144.62,137.99,119.76,148.9,144.84
51.99,32.77,145.97,140.81,113.97,144.19,148.73
53.32,34.78,141.89,131.3,117.32,146.96,140.84
53.72,31.33,150.44,145.71,114.04,149.75,151.005
48.48,28.28,146.89,139.1,112.2,142.52,144.81
42.92,19.95,143.26,137.53,115.61,141.66,145.53500000000005
40.38,19.06,148.21,142.08,113.1,137.02,153.45499999999998
54.81,32.25,154.34,147.84,116.38,138.15,159.13
43.94,30.71,138.46,131.86,127.19,132.07,146.20999999999998
45.27,32.45,145.65,138.03,127.46,132.5,149.32
51.49,33.24,121.73,95.81,119.57,122.59,113.275
38.38,24.1,90.88,69.93,131.99,120.84,79.985
35.48,26.51,101.3,91.66,104.64,111.56,99.15
57.73,36.27,153.94,146.35,92.13,104.02,161.66
55.13,35.67,149.51,126.24,85.66,98.63,148.2
91.18,63.43,130.6,110.18,99.46,120.92,124.08
87.1,54.38,110.02,75.63,98.16,119.18,110.12
85.41,52.68,126.89,115.52,102.72,123.46,149.885
97.18,70.8,112.14,94.18,104.77,132.98,126.635
97.01,69.18,79.27,71.14,104.23,134.33,98.27
96.08,73.82,77.33,65.84,102.89,130.62,91.33
94.5,67.27,91.78,85.48,99.75,132.9,103.74
100.2,60.77,112.53,90.57,87.36,133.09,119.955
95.62,76.1,104.36,87.03,104.23,131.21,119.975
105.66,84.16,98.73,81.84,99.21,137.27,103.005
99.27,63.3,110.88,102.01,90.23,132.94,123.54
93.91,63.89,94.47,79.33,95.68,135.2,98.56
99.22,79.28,107.46,85.19,102.62,133.91,103.08
85.6,49.89,103.29,90.11,97.78,132.07,108.45
77.64,53.28,115.65,95.09,94.71,129.51,115.9
88.92,69.99,96.38,77.91,109.13,141.0,101.03
90.15,80.74,110.95,87.76,108.54,137.04,118.795
100.26,84.47,126.51,100.5,105.12,135.05,123.805
97.46,55.85,132.61,110.68,97.02,132.79,133.055
103.23,54.75,135.98,113.43,114.61,137.52,139.72500000000002
110.62,40.97,125.2,105.98,103.83,140.93,129.51999999999998
113.72,50.33,127.53,113.58,104.69,141.43,136.14
115.87,38.41,114.56,116.81,99.65,142.83,135.04500000000002
119.82,46.68,116.42,110.3,107.9,140.3,128.61
107.45,38.7,119.44,112.07,103.32,137.14,136.58
108.3,62.29,93.4,92.89,112.35,137.13,120.15
101.73,59.22,118.21,94.59,113.95,134.01,134.405
94.78,77.85,113.6,90.06,124.39,138.81,131.0
95.0,54.43,104.67,91.88,106.19,136.82,122.105
91.49,82.74,116.74,92.11,132.54,138.07,129.87
97.75,60.54,94.57,84.54,113.74,140.39,112.71
89.95,56.37,100.58,86.11,94.85,128.32,108.315
100.34,58.67,106.09,96.87,99.57,135.68,114.545
85.45,38.57,86.99,90.88,90.45,132.86,102.72
86.61,50.4,114.22,108.45,102.99,135.26,137.375
95.06,39.3,91.75,91.61,86.25,138.96,113.695
90.09,57.44,111.29,98.81,104.05,134.64,129.33499999999998
88.21,74.24,114.01,104.2,118.3,131.92,132.05
93.05,58.82,99.36,93.47,104.17,137.18,120.415
90.19,56.96,125.61,112.68,97.64,131.1,139.85
80.72,45.61,107.72,106.63,95.53,132.02,126.55
83.91,53.21,115.98,99.96,96.87,128.51,126.45
83.67,47.37,130.87,116.72,91.86,127.12,143.74
84.32,36.53,107.37,99.16,85.83,128.18,123.275
69.67,49.75,119.07,101.61,102.53,122.65,135.14499999999998
86.97,52.93,106.72,95.7,96.3,127.59,123.045
79.54,68.44,123.7,105.59,111.12,130.97,138.11
85.36,84.74,127.24,108.93,121.19,134.3,142.635
88.17,49.07,114.94,105.96,91.06,130.19,129.61
87.59,33.56,119.21,114.26,92.41,123.77,136.5
